[
  {
    "id": "37b799c8-00bc-488c-89f8-df4eac485a6e",
    "data": [
      {
        "text": "#voltar",
        "userDefined": false
      }
    ],
    "isTemplate": false,
    "count": 0,
    "lang": "pt-br",
    "updated": 0
  },
  {
    "id": "b151bd2d-9e6e-4a70-b55d-ea6fa49d1dc0",
    "data": [
      {
        "text": "volta",
        "meta": "@sys.geo-state",
        "alias": "geo-state",
        "userDefined": false
      }
    ],
    "isTemplate": false,
    "count": 0,
    "lang": "pt-br",
    "updated": 0
  },
  {
    "id": "d4315949-caf2-45da-ab07-823486a94ea5",
    "data": [
      {
        "text": "voltar",
        "userDefined": false
      }
    ],
    "isTemplate": false,
    "count": 0,
    "lang": "pt-br",
    "updated": 0
  }
]