[
  {
    "id": "e82708a4-7d53-4ab4-b6c2-03e0d0d04920",
    "data": [
      {
        "text": "1",
        "meta": "@sys.date-time",
        "alias": "date-time",
        "userDefined": false
      },
      {
        "text": ". Número ",
        "userDefined": false
      },
      {
        "text": "do",
        "meta": "@sys.color",
        "alias": "color",
        "userDefined": false
      },
      {
        "text": " processo",
        "userDefined": false
      }
    ],
    "isTemplate": false,
    "count": 0,
    "lang": "pt-br",
    "updated": 0
  },
  {
    "id": "2d184281-3af7-4a1b-85ff-842150318338",
    "data": [
      {
        "text": "1",
        "meta": "@sys.number",
        "alias": "number",
        "userDefined": false
      }
    ],
    "isTemplate": false,
    "count": 2,
    "lang": "pt-br",
    "updated": 0
  }
]