[
  {
    "id": "5617459a-a0f4-4f1a-a00e-8c7b1f6b8766",
    "data": [
      {
        "text": "1",
        "userDefined": false
      },
      {
        "text": " Réu Preso/Réu Solto",
        "userDefined": false
      }
    ],
    "isTemplate": false,
    "count": 0,
    "lang": "pt-br",
    "updated": 0
  },
  {
    "id": "16910259-4d37-48fe-a43d-c0494c0aa496",
    "data": [
      {
        "text": "1",
        "meta": "@sys.date-time",
        "alias": "date-time",
        "userDefined": false
      }
    ],
    "isTemplate": false,
    "count": 0,
    "lang": "pt-br",
    "updated": 0
  }
]