[
  {
    "id": "8d2c1df8-5e34-4383-b356-e3ce2bea5a5f",
    "data": [
      {
        "text": "3",
        "meta": "@sys.date-time",
        "alias": "date-time",
        "userDefined": false
      },
      {
        "text": ".",
        "userDefined": false
      }
    ],
    "isTemplate": false,
    "count": 0,
    "lang": "pt-br",
    "updated": 0
  },
  {
    "id": "45a84c56-131e-43d5-9d16-9e3d431d3086",
    "data": [
      {
        "text": "3",
        "meta": "@sys.date-time",
        "alias": "date-time",
        "userDefined": false
      }
    ],
    "isTemplate": false,
    "count": 0,
    "lang": "pt-br",
    "updated": 0
  },
  {
    "id": "a12b5c78-d764-464f-9ceb-54d3eb03760f",
    "data": [
      {
        "text": "1",
        "meta": "@sys.number",
        "alias": "number",
        "userDefined": false
      },
      {
        "text": ".",
        "userDefined": false
      }
    ],
    "isTemplate": false,
    "count": 0,
    "lang": "pt-br",
    "updated": 0
  },
  {
    "id": "a8302e9b-bd9f-42a6-a706-83bb04092ab2",
    "data": [
      {
        "text": "1",
        "meta": "@sys.number",
        "alias": "number",
        "userDefined": false
      }
    ],
    "isTemplate": false,
    "count": 0,
    "lang": "pt-br",
    "updated": 0
  },
  {
    "id": "164c5fba-d247-4731-ba27-ffd20bf4fce4",
    "data": [
      {
        "text": "2",
        "meta": "@sys.number",
        "alias": "number",
        "userDefined": false
      }
    ],
    "isTemplate": false,
    "count": 0,
    "lang": "pt-br",
    "updated": 0
  },
  {
    "id": "d83b1244-fe4a-475e-abe8-cd8559358ba8",
    "data": [
      {
        "text": "2",
        "meta": "@sys.date-time",
        "alias": "date-time",
        "userDefined": false
      },
      {
        "text": ".",
        "userDefined": false
      }
    ],
    "isTemplate": false,
    "count": 0,
    "lang": "pt-br",
    "updated": 0
  },
  {
    "id": "919a3556-d990-4bf2-aa7e-5ed0217a37d2",
    "data": [
      {
        "text": "leia os próximos resultados",
        "userDefined": false
      }
    ],
    "isTemplate": false,
    "count": 1,
    "lang": "pt-br",
    "updated": 0
  },
  {
    "id": "83839083-5887-47ac-8505-c89d9170b5ad",
    "data": [
      {
        "text": "próxima",
        "userDefined": false
      }
    ],
    "isTemplate": false,
    "count": 2,
    "lang": "pt-br",
    "updated": 0
  },
  {
    "id": "e692fd0a-c659-48f7-b1c7-6f8c052d80c4",
    "data": [
      {
        "text": "mostre os próximos resultados",
        "userDefined": false
      }
    ],
    "isTemplate": false,
    "count": 0,
    "lang": "pt-br",
    "updated": 0
  },
  {
    "id": "dc601995-7aac-44e2-aafb-c44059f92a5f",
    "data": [
      {
        "text": "vá para a próxima página",
        "userDefined": false
      }
    ],
    "isTemplate": false,
    "count": 0,
    "lang": "pt-br",
    "updated": 0
  },
  {
    "id": "48b143e4-e20f-4eea-8e0c-e4d268b5e26e",
    "data": [
      {
        "text": "mostre a próxima",
        "userDefined": false
      }
    ],
    "isTemplate": false,
    "count": 1,
    "lang": "pt-br",
    "updated": 0
  },
  {
    "id": "d0d96ad6-a2c5-472c-918d-7e128561f986",
    "data": [
      {
        "text": "próximo resultado",
        "userDefined": false
      }
    ],
    "isTemplate": false,
    "count": 1,
    "lang": "pt-br",
    "updated": 0
  },
  {
    "id": "1101dde5-35b9-41f1-b36c-a3abb3118fff",
    "data": [
      {
        "text": "mostre a próxima página",
        "userDefined": false
      }
    ],
    "isTemplate": false,
    "count": 1,
    "lang": "pt-br",
    "updated": 0
  },
  {
    "id": "17b9a845-3456-4a70-89c3-e6ca90878f8e",
    "data": [
      {
        "text": "avançar",
        "userDefined": false
      }
    ],
    "isTemplate": false,
    "count": 1,
    "lang": "pt-br",
    "updated": 0
  },
  {
    "id": "fe39ffce-3917-422d-9729-192d1c019c3e",
    "data": [
      {
        "text": "próxima página",
        "userDefined": false
      }
    ],
    "isTemplate": false,
    "count": 0,
    "lang": "pt-br",
    "updated": 0
  },
  {
    "id": "cd1ce8c4-ed33-4deb-851b-9e86d40f1506",
    "data": [
      {
        "text": "vá para o próximo",
        "userDefined": false
      }
    ],
    "isTemplate": false,
    "count": 0,
    "lang": "pt-br",
    "updated": 0
  }
]