[
  {
    "id": "d1174674-ae2e-4aec-80f8-fa1784045da6",
    "data": [
      {
        "text": "3",
        "meta": "@sys.number",
        "alias": "number",
        "userDefined": false
      },
      {
        "text": ".",
        "userDefined": false
      }
    ],
    "isTemplate": false,
    "count": 0,
    "lang": "pt-br",
    "updated": 0
  },
  {
    "id": "784959a5-8109-4c93-9543-ff5db7319ed2",
    "data": [
      {
        "text": "3",
        "meta": "@sys.number",
        "alias": "number",
        "userDefined": false
      }
    ],
    "isTemplate": false,
    "count": 0,
    "lang": "pt-br",
    "updated": 0
  },
  {
    "id": "3dcaf634-a361-4be3-9734-16f896828b32",
    "data": [
      {
        "text": "2",
        "meta": "@sys.number",
        "alias": "number",
        "userDefined": false
      }
    ],
    "isTemplate": false,
    "count": 0,
    "lang": "pt-br",
    "updated": 0
  },
  {
    "id": "e58d7217-ddd8-44a9-8ddd-b51b3ce2165d",
    "data": [
      {
        "text": "2",
        "meta": "@sys.date-time",
        "alias": "date-time",
        "userDefined": false
      },
      {
        "text": ".",
        "userDefined": false
      }
    ],
    "isTemplate": false,
    "count": 0,
    "lang": "pt-br",
    "updated": 0
  },
  {
    "id": "0db0d70b-6766-4ec8-950a-082aa3f8ada2",
    "data": [
      {
        "text": "1",
        "meta": "@sys.date-time",
        "alias": "date-time",
        "userDefined": false
      },
      {
        "text": ".",
        "userDefined": false
      }
    ],
    "isTemplate": false,
    "count": 0,
    "lang": "pt-br",
    "updated": 0
  },
  {
    "id": "453f55e9-c7b6-4ba2-8788-ccff619c2935",
    "data": [
      {
        "text": "1",
        "meta": "@sys.number",
        "alias": "number",
        "userDefined": false
      }
    ],
    "isTemplate": false,
    "count": 0,
    "lang": "pt-br",
    "updated": 0
  },
  {
    "id": "919a3556-d990-4bf2-aa7e-5ed0217a37d2",
    "data": [
      {
        "text": "leia os próximos resultados",
        "userDefined": false
      }
    ],
    "isTemplate": false,
    "count": 1,
    "lang": "pt-br",
    "updated": 0
  },
  {
    "id": "83839083-5887-47ac-8505-c89d9170b5ad",
    "data": [
      {
        "text": "próxima",
        "userDefined": false
      }
    ],
    "isTemplate": false,
    "count": 2,
    "lang": "pt-br",
    "updated": 0
  },
  {
    "id": "e692fd0a-c659-48f7-b1c7-6f8c052d80c4",
    "data": [
      {
        "text": "mostre os próximos resultados",
        "userDefined": false
      }
    ],
    "isTemplate": false,
    "count": 0,
    "lang": "pt-br",
    "updated": 0
  },
  {
    "id": "dc601995-7aac-44e2-aafb-c44059f92a5f",
    "data": [
      {
        "text": "vá para a próxima página",
        "userDefined": false
      }
    ],
    "isTemplate": false,
    "count": 0,
    "lang": "pt-br",
    "updated": 0
  },
  {
    "id": "48b143e4-e20f-4eea-8e0c-e4d268b5e26e",
    "data": [
      {
        "text": "mostre a próxima",
        "userDefined": false
      }
    ],
    "isTemplate": false,
    "count": 1,
    "lang": "pt-br",
    "updated": 0
  },
  {
    "id": "d0d96ad6-a2c5-472c-918d-7e128561f986",
    "data": [
      {
        "text": "próximo resultado",
        "userDefined": false
      }
    ],
    "isTemplate": false,
    "count": 1,
    "lang": "pt-br",
    "updated": 0
  },
  {
    "id": "1101dde5-35b9-41f1-b36c-a3abb3118fff",
    "data": [
      {
        "text": "mostre a próxima página",
        "userDefined": false
      }
    ],
    "isTemplate": false,
    "count": 1,
    "lang": "pt-br",
    "updated": 0
  },
  {
    "id": "17b9a845-3456-4a70-89c3-e6ca90878f8e",
    "data": [
      {
        "text": "avançar",
        "userDefined": false
      }
    ],
    "isTemplate": false,
    "count": 1,
    "lang": "pt-br",
    "updated": 0
  },
  {
    "id": "fe39ffce-3917-422d-9729-192d1c019c3e",
    "data": [
      {
        "text": "próxima página",
        "userDefined": false
      }
    ],
    "isTemplate": false,
    "count": 0,
    "lang": "pt-br",
    "updated": 0
  },
  {
    "id": "cd1ce8c4-ed33-4deb-851b-9e86d40f1506",
    "data": [
      {
        "text": "vá para o próximo",
        "userDefined": false
      }
    ],
    "isTemplate": false,
    "count": 0,
    "lang": "pt-br",
    "updated": 0
  }
]