[
  {
    "id": "7c5bee10-c078-4bf0-b5b5-a98221aacc83",
    "data": [
      {
        "text": "2",
        "meta": "@sys.date-time",
        "alias": "date-time",
        "userDefined": false
      }
    ],
    "isTemplate": false,
    "count": 0,
    "lang": "pt-br",
    "updated": 0
  },
  {
    "id": "9439a807-7fe3-461a-a432-64a039fa3c39",
    "data": [
      {
        "text": "2",
        "meta": "@sys.number",
        "alias": "number",
        "userDefined": false
      },
      {
        "text": ". Nome completo ",
        "userDefined": false
      },
      {
        "text": "do",
        "meta": "@sys.color",
        "alias": "color",
        "userDefined": false
      },
      {
        "text": " réu",
        "userDefined": false
      }
    ],
    "isTemplate": false,
    "count": 0,
    "lang": "pt-br",
    "updated": 0
  }
]