[
  {
    "id": "7ba4d3c9-adce-4154-a997-ff36d44cdd8b",
    "data": [
      {
        "text": "Nome completo ",
        "userDefined": false
      },
      {
        "text": "do",
        "meta": "@sys.color",
        "alias": "color",
        "userDefined": false
      },
      {
        "text": " flagranteado",
        "userDefined": false
      }
    ],
    "isTemplate": false,
    "count": 0,
    "lang": "pt-br",
    "updated": 0
  },
  {
    "id": "90ce66a7-fd4f-4940-92ff-83b901f76f4b",
    "data": [
      {
        "text": "2",
        "meta": "@sys.number",
        "alias": "number",
        "userDefined": false
      },
      {
        "text": ".",
        "userDefined": false
      }
    ],
    "isTemplate": false,
    "count": 0,
    "lang": "pt-br",
    "updated": 0
  },
  {
    "id": "a4764b20-7704-4615-bb50-4dc4451156b2",
    "data": [
      {
        "text": "2",
        "meta": "@sys.number",
        "alias": "number",
        "userDefined": false
      }
    ],
    "isTemplate": false,
    "count": 0,
    "lang": "pt-br",
    "updated": 0
  },
  {
    "id": "919a3556-d990-4bf2-aa7e-5ed0217a37d2",
    "data": [
      {
        "text": "leia os próximos resultados",
        "userDefined": false
      }
    ],
    "isTemplate": false,
    "count": 1,
    "lang": "pt-br",
    "updated": 0
  },
  {
    "id": "83839083-5887-47ac-8505-c89d9170b5ad",
    "data": [
      {
        "text": "próxima",
        "userDefined": false
      }
    ],
    "isTemplate": false,
    "count": 2,
    "lang": "pt-br",
    "updated": 0
  },
  {
    "id": "e692fd0a-c659-48f7-b1c7-6f8c052d80c4",
    "data": [
      {
        "text": "mostre os próximos resultados",
        "userDefined": false
      }
    ],
    "isTemplate": false,
    "count": 0,
    "lang": "pt-br",
    "updated": 0
  },
  {
    "id": "dc601995-7aac-44e2-aafb-c44059f92a5f",
    "data": [
      {
        "text": "vá para a próxima página",
        "userDefined": false
      }
    ],
    "isTemplate": false,
    "count": 0,
    "lang": "pt-br",
    "updated": 0
  },
  {
    "id": "48b143e4-e20f-4eea-8e0c-e4d268b5e26e",
    "data": [
      {
        "text": "mostre a próxima",
        "userDefined": false
      }
    ],
    "isTemplate": false,
    "count": 1,
    "lang": "pt-br",
    "updated": 0
  },
  {
    "id": "d0d96ad6-a2c5-472c-918d-7e128561f986",
    "data": [
      {
        "text": "próximo resultado",
        "userDefined": false
      }
    ],
    "isTemplate": false,
    "count": 1,
    "lang": "pt-br",
    "updated": 0
  },
  {
    "id": "1101dde5-35b9-41f1-b36c-a3abb3118fff",
    "data": [
      {
        "text": "mostre a próxima página",
        "userDefined": false
      }
    ],
    "isTemplate": false,
    "count": 1,
    "lang": "pt-br",
    "updated": 0
  },
  {
    "id": "17b9a845-3456-4a70-89c3-e6ca90878f8e",
    "data": [
      {
        "text": "avançar",
        "userDefined": false
      }
    ],
    "isTemplate": false,
    "count": 1,
    "lang": "pt-br",
    "updated": 0
  },
  {
    "id": "fe39ffce-3917-422d-9729-192d1c019c3e",
    "data": [
      {
        "text": "próxima página",
        "userDefined": false
      }
    ],
    "isTemplate": false,
    "count": 0,
    "lang": "pt-br",
    "updated": 0
  },
  {
    "id": "cd1ce8c4-ed33-4deb-851b-9e86d40f1506",
    "data": [
      {
        "text": "vá para o próximo",
        "userDefined": false
      }
    ],
    "isTemplate": false,
    "count": 0,
    "lang": "pt-br",
    "updated": 0
  }
]