[
  {
    "id": "82912892-94b2-4e92-b844-8ab810c648c3",
    "data": [
      {
        "text": "Auto de Prisão em Flagrante",
        "userDefined": false
      }
    ],
    "isTemplate": false,
    "count": 0,
    "lang": "pt-br",
    "updated": 0
  },
  {
    "id": "46bd29eb-e940-4aa5-95d8-a52c2c3d60fe",
    "data": [
      {
        "text": "6",
        "meta": "@sys.number",
        "alias": "number",
        "userDefined": false
      },
      {
        "text": ".",
        "userDefined": false
      }
    ],
    "isTemplate": false,
    "count": 0,
    "lang": "pt-br",
    "updated": 0
  },
  {
    "id": "26a072f2-cc19-481e-b721-f173e9caa215",
    "data": [
      {
        "text": "6",
        "userDefined": false
      }
    ],
    "isTemplate": false,
    "count": 0,
    "lang": "pt-br",
    "updated": 0
  }
]