[
  {
    "id": "6809ea71-eee1-45ca-aac4-06a78f67f880",
    "data": [
      {
        "text": "Demais informações ou dúvidas",
        "userDefined": false
      }
    ],
    "isTemplate": false,
    "count": 0,
    "lang": "pt-br",
    "updated": 0
  },
  {
    "id": "255056a5-da6e-49c7-be73-e53b40f04e11",
    "data": [
      {
        "text": "7",
        "meta": "@sys.number",
        "alias": "number",
        "userDefined": false
      },
      {
        "text": ".",
        "userDefined": false
      }
    ],
    "isTemplate": false,
    "count": 0,
    "lang": "pt-br",
    "updated": 0
  },
  {
    "id": "33941cfe-8a06-4d22-ae3e-02338daf5a63",
    "data": [
      {
        "text": "7",
        "meta": "@sys.date-time",
        "alias": "date-time",
        "userDefined": false
      }
    ],
    "isTemplate": false,
    "count": 0,
    "lang": "pt-br",
    "updated": 0
  }
]